{
  "project_info": {
    "project_number": "216749648397",
    "firebase_url": "https://chatapptutorial-6557a.firebaseio.com",
    "project_id": "chatapptutorial-6557a",
    "storage_bucket": "chatapptutorial-6557a.appspot.com"
  },
  "client": [
    {
      "client_info": {
        "mobilesdk_app_id": "1:216749648397:android:5344ac0ca0b146d7",
        "android_client_info": {
          "package_name": "com.assem.chatappdemo"
        }
      },
      "oauth_client": [
        {
          "client_id": "216749648397-iqqusf1uisrfs0jv8m79k737f3rithln.apps.googleusercontent.com",
          "client_type": 1,
          "android_info": {
            "package_name": "com.assem.chatappdemo",
            "certificate_hash": "d419942776ed9c12d15b4179454b1aae3e3bb636"
          }
        },
        {
          "client_id": "216749648397-bqv3m4c7n9gsmfdfidj10u3pbou0pg4f.apps.googleusercontent.com",
          "client_type": 3
        }
      ],
      "api_key": [
        {
          "current_key": "AIzaSyBtTj0HZ2L7JasISJWSwb1Vl1jvxtEuscw"
        }
      ],
      "services": {
        "appinvite_service": {
          "other_platform_oauth_client": [
            {
              "client_id": "216749648397-bqv3m4c7n9gsmfdfidj10u3pbou0pg4f.apps.googleusercontent.com",
              "client_type": 3
            }
          ]
        }
      }
    },
    {
      "client_info": {
        "mobilesdk_app_id": "1:216749648397:android:e2865a230e349b61",
        "android_client_info": {
          "package_name": "com.koddev.chatapp"
        }
      },
      "oauth_client": [
        {
          "client_id": "216749648397-56f429eir9vurac3fle7k256mqhmoump.apps.googleusercontent.com",
          "client_type": 1,
          "android_info": {
            "package_name": "com.koddev.chatapp",
            "certificate_hash": "380c31d70ffa8602a7906997a072deca1d3f1fbc"
          }
        },
        {
          "client_id": "216749648397-i1u9ljuj4li43qq295n1vr8kgsjjq5qo.apps.googleusercontent.com",
          "client_type": 1,
          "android_info": {
            "package_name": "com.koddev.chatapp",
            "certificate_hash": "fac3599d5bd657c8d2dc5eb04eeedc4ac013436f"
          }
        },
        {
          "client_id": "216749648397-bqv3m4c7n9gsmfdfidj10u3pbou0pg4f.apps.googleusercontent.com",
          "client_type": 3
        }
      ],
      "api_key": [
        {
          "current_key": "AIzaSyBtTj0HZ2L7JasISJWSwb1Vl1jvxtEuscw"
        }
      ],
      "services": {
        "appinvite_service": {
          "other_platform_oauth_client": [
            {
              "client_id": "216749648397-bqv3m4c7n9gsmfdfidj10u3pbou0pg4f.apps.googleusercontent.com",
              "client_type": 3
            }
          ]
        }
      }
    }
  ],
  "configuration_version": "1"
}